{
	"configs" : [
		{
			"remarks" : "",
			"id" : "DD59EBEAE387F79D575D4813A3817F11",
			"server" : "server host",
			"server_port" : 8388,
			"server_udp_port" : 0,
			"password" : "0",
			"method" : "aes-256-cfb",
			"protocol" : "origin",
			"protocolparam" : "",
			"obfs" : "plain",
			"obfsparam" : "",
			"remarks_base64" : "",
			"group" : "FreeSSR-public",
			"enable" : true,
			"udp_over_tcp" : false,
			"latency" : -2
		},
		{
			"remarks" : "剩余流量：82.78% 248.82GB",
			"id" : "BEF510BB39F6839E103E309375ED1FD3",
			"server" : "www.google.com",
			"server_port" : 1,
			"server_udp_port" : 0,
			"password" : "breakwall",
			"method" : "chacha20",
			"protocol" : "auth_chain_a",
			"protocolparam" : "",
			"obfs" : "tls1.2_ticket_auth",
			"obfsparam" : "",
			"remarks_base64" : "5Ymp5L2Z5rWB6YeP77yaODIuNzglIDI0OC44MkdC",
			"group" : "GS云服务",
			"enable" : true,
			"udp_over_tcp" : false,
			"latency" : -2
		},
		{
			"remarks" : "过期时间：2020-07-22 22:35:55",
			"id" : "4D103A3098976F0E9B4C802C2BD06A8B",
			"server" : "www.google.com",
			"server_port" : 2,
			"server_udp_port" : 0,
			"password" : "breakwall",
			"method" : "chacha20",
			"protocol" : "auth_chain_a",
			"protocolparam" : "",
			"obfs" : "tls1.2_ticket_auth",
			"obfsparam" : "",
			"remarks_base64" : "6L-H5pyf5pe26Ze077yaMjAyMC0wNy0yMiAyMjozNTo1NQ",
			"group" : "GS云服务",
			"enable" : true,
			"udp_over_tcp" : false,
			"latency" : -2
		},
		{
			"remarks" : "中国 VIP节点1 - 66Cloud",
			"id" : "B3D5DEAD768A2A623EB28F2EEABB3B16",
			"server" : "cn-1.zycsj.cc",
			"server_port" : 50607,
			"server_udp_port" : 0,
			"password" : "chenhongrui2003",
			"method" : "aes-256-cfb",
			"protocol" : "auth_aes128_md5",
			"protocolparam" : "",
			"obfs" : "http_simple",
			"obfsparam" : "ap8d73d.jd.hk",
			"remarks_base64" : "5Lit5Zu9IFZJUOiKgueCuTEgLSA2NkNsb3Vk",
			"group" : "GS云服务",
			"enable" : true,
			"udp_over_tcp" : false,
			"latency" : 11
		},
		{
			"remarks" : "俄罗斯 VIP节点1 - JustHost",
			"id" : "EA2586571555504B33B1291D84BA1664",
			"server" : "ru-1.zycsj.cc",
			"server_port" : 50607,
			"server_udp_port" : 0,
			"password" : "chenhongrui2003",
			"method" : "aes-256-cfb",
			"protocol" : "auth_aes128_md5",
			"protocolparam" : "",
			"obfs" : "http_simple",
			"obfsparam" : "ap8d73d.jd.hk",
			"remarks_base64" : "5L-E572X5pavIFZJUOiKgueCuTEgLSBKdXN0SG9zdA",
			"group" : "GS云服务",
			"enable" : true,
			"udp_over_tcp" : false,
			"latency" : 268
		},
		{
			"remarks" : "台湾 VIP节点 1 - GoogleCloud",
			"id" : "10E91673E2A15ADA649DC29F2D8A418D",
			"server" : "tw-1.zycsj.cc",
			"server_port" : 50607,
			"server_udp_port" : 0,
			"password" : "chenhongrui2003",
			"method" : "aes-256-cfb",
			"protocol" : "auth_aes128_md5",
			"protocolparam" : "",
			"obfs" : "http_simple",
			"obfsparam" : "ap8d73d.jd.hk",
			"remarks_base64" : "5Y-w5rm-IFZJUOiKgueCuSAxIC0gR29vZ2xlQ2xvdWQ",
			"group" : "GS云服务",
			"enable" : true,
			"udp_over_tcp" : false,
			"latency" : 53
		},
		{
			"remarks" : "新加坡 VIP节点1 - Amazon",
			"id" : "A7472C0316AE70563B6EE7B2A98AAF38",
			"server" : "sg-1.zycsj.cc",
			"server_port" : 50607,
			"server_udp_port" : 0,
			"password" : "chenhongrui2003",
			"method" : "aes-256-cfb",
			"protocol" : "auth_aes128_md5",
			"protocolparam" : "",
			"obfs" : "http_simple",
			"obfsparam" : "ap8d73d.jd.hk",
			"remarks_base64" : "5paw5Yqg5Z2hIFZJUOiKgueCuTEgLSBBbWF6b24",
			"group" : "GS云服务",
			"enable" : true,
			"udp_over_tcp" : false,
			"latency" : 152
		},
		{
			"remarks" : "新加坡 VIP节点2 - Aliyun",
			"id" : "723F6585001ED2C2C648A8E40262F420",
			"server" : "sg-2.zycsj.cc",
			"server_port" : 50607,
			"server_udp_port" : 0,
			"password" : "chenhongrui2003",
			"method" : "aes-256-cfb",
			"protocol" : "auth_aes128_md5",
			"protocolparam" : "",
			"obfs" : "http_simple",
			"obfsparam" : "ap8d73d.jd.hk",
			"remarks_base64" : "5paw5Yqg5Z2hIFZJUOiKgueCuTIgLSBBbGl5dW4",
			"group" : "GS云服务",
			"enable" : true,
			"udp_over_tcp" : false,
			"latency" : 132
		},
		{
			"remarks" : "日本 VIP节点1 - GCP",
			"id" : "2E2B8FA9927BF845EF60CE950A179D7F",
			"server" : "jp-1.zycsj.cc",
			"server_port" : 50607,
			"server_udp_port" : 0,
			"password" : "chenhongrui2003",
			"method" : "aes-256-cfb",
			"protocol" : "auth_aes128_md5",
			"protocolparam" : "",
			"obfs" : "http_simple",
			"obfsparam" : "ap8d73d.jd.hk",
			"remarks_base64" : "5pel5pysIFZJUOiKgueCuTEgLSBHQ1A",
			"group" : "GS云服务",
			"enable" : true,
			"udp_over_tcp" : false,
			"latency" : 93
		},
		{
			"remarks" : "日本 VIP节点2 - Amazon",
			"id" : "35A20CF8A110550F18ABE1A397AD302D",
			"server" : "jp-2.zycsj.cc",
			"server_port" : 50607,
			"server_udp_port" : 0,
			"password" : "chenhongrui2003",
			"method" : "aes-256-cfb",
			"protocol" : "auth_aes128_md5",
			"protocolparam" : "",
			"obfs" : "http_simple",
			"obfsparam" : "ap8d73d.jd.hk",
			"remarks_base64" : "5pel5pysIFZJUOiKgueCuTIgLSBBbWF6b24",
			"group" : "GS云服务",
			"enable" : true,
			"udp_over_tcp" : false,
			"latency" : 118
		},
		{
			"remarks" : "日本 VIP节点3 - ABLENET",
			"id" : "C1AF8F898A740AB30D7A677E4D93199D",
			"server" : "jp-3.zycsj.cc",
			"server_port" : 50607,
			"server_udp_port" : 0,
			"password" : "chenhongrui2003",
			"method" : "aes-256-cfb",
			"protocol" : "auth_aes128_md5",
			"protocolparam" : "",
			"obfs" : "http_simple",
			"obfsparam" : "ap8d73d.jd.hk",
			"remarks_base64" : "5pel5pysIFZJUOiKgueCuTMgLSBBQkxFTkVU",
			"group" : "GS云服务",
			"enable" : true,
			"udp_over_tcp" : false,
			"latency" : 91
		},
		{
			"remarks" : "日本 VIP节点4 - Azure",
			"id" : "D95BF74274D2E57B475DE86373508DC7",
			"server" : "jp-4.zycsj.cc",
			"server_port" : 50607,
			"server_udp_port" : 0,
			"password" : "chenhongrui2003",
			"method" : "aes-256-cfb",
			"protocol" : "auth_aes128_md5",
			"protocolparam" : "",
			"obfs" : "http_simple",
			"obfsparam" : "ap8d73d.jd.hk",
			"remarks_base64" : "5pel5pysIFZJUOiKgueCuTQgLSBBenVyZQ",
			"group" : "GS云服务",
			"enable" : true,
			"udp_over_tcp" : false,
			"latency" : 101
		},
		{
			"remarks" : "日本 VIP节点5 - KossCloud",
			"id" : "30769E83973459CC0A0771F4E69D954D",
			"server" : "jp-5.zycsj.cc",
			"server_port" : 50607,
			"server_udp_port" : 0,
			"password" : "chenhongrui2003",
			"method" : "aes-256-cfb",
			"protocol" : "auth_aes128_md5",
			"protocolparam" : "",
			"obfs" : "http_simple",
			"obfsparam" : "ap8d73d.jd.hk",
			"remarks_base64" : "5pel5pysIFZJUOiKgueCuTUgLSBLb3NzQ2xvdWQ",
			"group" : "GS云服务",
			"enable" : true,
			"udp_over_tcp" : false,
			"latency" : 1149
		},
		{
			"remarks" : "澳大利亚 VIP节点1 - Azure",
			"id" : "770043EA61C0B1E42C365AE1AE157F80",
			"server" : "au-1.zycsj.cc",
			"server_port" : 50607,
			"server_udp_port" : 0,
			"password" : "chenhongrui2003",
			"method" : "aes-256-cfb",
			"protocol" : "auth_aes128_md5",
			"protocolparam" : "",
			"obfs" : "http_simple",
			"obfsparam" : "ap8d73d.jd.hk",
			"remarks_base64" : "5r6z5aSn5Yip5LqaIFZJUOiKgueCuTEgLSBBenVyZQ",
			"group" : "GS云服务",
			"enable" : true,
			"udp_over_tcp" : false,
			"latency" : 333
		},
		{
			"remarks" : "美国 VIP节点1 - Rfchost",
			"id" : "04A720064914141890AAE7AF124EBC5F",
			"server" : "us-1.zycsj.cc",
			"server_port" : 50607,
			"server_udp_port" : 0,
			"password" : "chenhongrui2003",
			"method" : "aes-256-cfb",
			"protocol" : "auth_aes128_md5",
			"protocolparam" : "",
			"obfs" : "http_simple",
			"obfsparam" : "ap8d73d.jd.hk",
			"remarks_base64" : "576O5Zu9IFZJUOiKgueCuTEgLSBSZmNob3N0",
			"group" : "GS云服务",
			"enable" : true,
			"udp_over_tcp" : false,
			"latency" : 143
		},
		{
			"remarks" : "美国 VIP节点2 - Rfchost",
			"id" : "FE9FE453F7CEABD9CCF66D763DCA1809",
			"server" : "us-2.zycsj.cc",
			"server_port" : 50607,
			"server_udp_port" : 0,
			"password" : "chenhongrui2003",
			"method" : "aes-256-cfb",
			"protocol" : "auth_aes128_md5",
			"protocolparam" : "",
			"obfs" : "http_simple",
			"obfsparam" : "ap8d73d.jd.hk",
			"remarks_base64" : "576O5Zu9IFZJUOiKgueCuTIgLSBSZmNob3N0",
			"group" : "GS云服务",
			"enable" : true,
			"udp_over_tcp" : false,
			"latency" : 144
		},
		{
			"remarks" : "美国 VIP节点3 - Codec",
			"id" : "0398924DB7550E5F5E10823F760B4542",
			"server" : "us-3.zycsj.cc",
			"server_port" : 50607,
			"server_udp_port" : 0,
			"password" : "chenhongrui2003",
			"method" : "aes-256-cfb",
			"protocol" : "auth_aes128_md5",
			"protocolparam" : "",
			"obfs" : "http_simple",
			"obfsparam" : "ap8d73d.jd.hk",
			"remarks_base64" : "576O5Zu9IFZJUOiKgueCuTMgLSBDb2RlYw",
			"group" : "GS云服务",
			"enable" : true,
			"udp_over_tcp" : false,
			"latency" : -2
		},
		{
			"remarks" : "韩国 VIP节点1 - Azure",
			"id" : "EBAA60FD4A860CC6B29B63626E23C822",
			"server" : "kr-1.zycsj.cc",
			"server_port" : 50607,
			"server_udp_port" : 0,
			"password" : "chenhongrui2003",
			"method" : "aes-256-cfb",
			"protocol" : "auth_aes128_md5",
			"protocolparam" : "",
			"obfs" : "http_simple",
			"obfsparam" : "ap8d73d.jd.hk",
			"remarks_base64" : "6Z-p5Zu9IFZJUOiKgueCuTEgLSBBenVyZQ",
			"group" : "GS云服务",
			"enable" : true,
			"udp_over_tcp" : false,
			"latency" : 78
		},
		{
			"remarks" : "香港 VIP2节点1 - Azure",
			"id" : "8BAC6E3B0F5CD20CCBA5F3D6E9E3D1C7",
			"server" : "hk-9.zycsj.cc",
			"server_port" : 50607,
			"server_udp_port" : 0,
			"password" : "chenhongrui2003",
			"method" : "aes-256-cfb",
			"protocol" : "auth_aes128_md5",
			"protocolparam" : "",
			"obfs" : "http_simple",
			"obfsparam" : "ap8d73d.jd.hk",
			"remarks_base64" : "6aaZ5rivIFZJUDLoioLngrkxIC0gQXp1cmU",
			"group" : "GS云服务",
			"enable" : true,
			"udp_over_tcp" : false,
			"latency" : 39
		},
		{
			"remarks" : "香港 VIP节点1 - Aliyun",
			"id" : "8E5371A4D0C69F5AA3A4C8512388471D",
			"server" : "hk-1.zycsj.cc",
			"server_port" : 50607,
			"server_udp_port" : 0,
			"password" : "chenhongrui2003",
			"method" : "aes-256-cfb",
			"protocol" : "auth_aes128_md5",
			"protocolparam" : "",
			"obfs" : "http_simple",
			"obfsparam" : "ap8d73d.jd.hk",
			"remarks_base64" : "6aaZ5rivIFZJUOiKgueCuTEgLSBBbGl5dW4",
			"group" : "GS云服务",
			"enable" : true,
			"udp_over_tcp" : false,
			"latency" : 43
		},
		{
			"remarks" : "香港 VIP节点2 - DMIT",
			"id" : "A3F0447384CC2450B7A3D98C30837B58",
			"server" : "hk-4.zycsj.cc",
			"server_port" : 50607,
			"server_udp_port" : 0,
			"password" : "chenhongrui2003",
			"method" : "aes-256-cfb",
			"protocol" : "auth_aes128_md5",
			"protocolparam" : "",
			"obfs" : "http_simple",
			"obfsparam" : "ap8d73d.jd.hk",
			"remarks_base64" : "6aaZ5rivIFZJUOiKgueCuTIgLSBETUlU",
			"group" : "GS云服务",
			"enable" : true,
			"udp_over_tcp" : false,
			"latency" : 45
		},
		{
			"remarks" : "香港 VIP节点3 - DMIT",
			"id" : "B9A15DC3A8A8CC272D4ECA3695B6CA5A",
			"server" : "hk-5.zycsj.cc",
			"server_port" : 50607,
			"server_udp_port" : 0,
			"password" : "chenhongrui2003",
			"method" : "aes-256-cfb",
			"protocol" : "auth_aes128_md5",
			"protocolparam" : "",
			"obfs" : "http_simple",
			"obfsparam" : "ap8d73d.jd.hk",
			"remarks_base64" : "6aaZ5rivIFZJUOiKgueCuTMgLSBETUlU",
			"group" : "GS云服务",
			"enable" : true,
			"udp_over_tcp" : false,
			"latency" : 134
		},
		{
			"remarks" : "香港 VIP节点4 - Azure",
			"id" : "A90EA4ADFCC8978B358A29E53203C814",
			"server" : "hk-6.zycsj.cc",
			"server_port" : 50607,
			"server_udp_port" : 0,
			"password" : "chenhongrui2003",
			"method" : "aes-256-cfb",
			"protocol" : "auth_aes128_md5",
			"protocolparam" : "",
			"obfs" : "http_simple",
			"obfsparam" : "ap8d73d.jd.hk",
			"remarks_base64" : "6aaZ5rivIFZJUOiKgueCuTQgLSBBenVyZQ",
			"group" : "GS云服务",
			"enable" : true,
			"udp_over_tcp" : false,
			"latency" : 41
		},
		{
			"remarks" : "香港 VIP节点5 - Azure",
			"id" : "E3D70DB326D532FEF2B456035D944CC0",
			"server" : "hk-8.zycsj.cc",
			"server_port" : 50607,
			"server_udp_port" : 0,
			"password" : "chenhongrui2003",
			"method" : "aes-256-cfb",
			"protocol" : "auth_aes128_md5",
			"protocolparam" : "",
			"obfs" : "http_simple",
			"obfsparam" : "ap8d73d.jd.hk",
			"remarks_base64" : "6aaZ5rivIFZJUOiKgueCuTUgLSBBenVyZQ",
			"group" : "GS云服务",
			"enable" : true,
			"udp_over_tcp" : false,
			"latency" : 40
		},
		{
			"remarks" : "香港 VIP节点6 - HKT",
			"id" : "76264B29FA6A5D1762A56554060B2979",
			"server" : "hk200.ddnsfree.com",
			"server_port" : 50607,
			"server_udp_port" : 0,
			"password" : "chenhongrui2003",
			"method" : "aes-256-cfb",
			"protocol" : "auth_aes128_md5",
			"protocolparam" : "",
			"obfs" : "http_simple",
			"obfsparam" : "ap8d73d.jd.hk",
			"remarks_base64" : "6aaZ5rivIFZJUOiKgueCuTYgLSBIS1Q",
			"group" : "GS云服务",
			"enable" : true,
			"udp_over_tcp" : false,
			"latency" : 300
		},
		{
			"remarks" : "香港 游戏节点1 - DMIT",
			"id" : "3568EA34ADC7AD1A326318E0130B2B2A",
			"server" : "hk-2.zycsj.cc",
			"server_port" : 50607,
			"server_udp_port" : 0,
			"password" : "chenhongrui2003",
			"method" : "aes-256-cfb",
			"protocol" : "auth_aes128_md5",
			"protocolparam" : "",
			"obfs" : "http_simple",
			"obfsparam" : "ap8d73d.jd.hk",
			"remarks_base64" : "6aaZ5rivIOa4uOaIj-iKgueCuTEgLSBETUlU",
			"group" : "GS云服务",
			"enable" : true,
			"udp_over_tcp" : false,
			"latency" : 49
		},
		{
			"remarks" : "剩余流量：82.78% 248.82GB",
			"id" : "7F2C98A40C8550F6125AD8F37BD312D5",
			"server" : "www.google.com",
			"server_port" : 1,
			"server_udp_port" : 0,
			"password" : "breakwall",
			"method" : "chacha20",
			"protocol" : "auth_chain_a",
			"protocolparam" : "",
			"obfs" : "tls1.2_ticket_auth",
			"obfsparam" : "",
			"remarks_base64" : "5Ymp5L2Z5rWB6YeP77yaODIuNzglIDI0OC44MkdC",
			"group" : "GS云服务 - 单端口",
			"enable" : true,
			"udp_over_tcp" : false,
			"latency" : -2
		},
		{
			"remarks" : "过期时间：2020-07-22 22:35:55",
			"id" : "FB622B970C0E88FEDB56569E61DB4033",
			"server" : "www.google.com",
			"server_port" : 2,
			"server_udp_port" : 0,
			"password" : "breakwall",
			"method" : "chacha20",
			"protocol" : "auth_chain_a",
			"protocolparam" : "",
			"obfs" : "tls1.2_ticket_auth",
			"obfsparam" : "",
			"remarks_base64" : "6L-H5pyf5pe26Ze077yaMjAyMC0wNy0yMiAyMjozNTo1NQ",
			"group" : "GS云服务 - 单端口",
			"enable" : true,
			"udp_over_tcp" : false,
			"latency" : -2
		},
		{
			"remarks" : "中国 - 香港专线 VIP2节点1 - Aliyun - 31435 单端口",
			"id" : "70DD27305BA608C57E948E7BB462AE62",
			"server" : "47.107.179.149",
			"server_port" : 31435,
			"server_udp_port" : 0,
			"password" : "LSpUpx0cbV",
			"method" : "aes-128-ctr",
			"protocol" : "auth_aes128_md5",
			"protocolparam" : "3311:chenhongrui2003",
			"obfs" : "http_simple",
			"obfsparam" : "d750c3311.microsoft.com",
			"remarks_base64" : "5Lit5Zu9IC0g6aaZ5riv5LiT57q_IFZJUDLoioLngrkxIC0gQWxpeXVuIC0gMzE0MzUg5Y2V56uv5Y-j",
			"group" : "GS云服务 - 单端口",
			"enable" : true,
			"udp_over_tcp" : false,
			"latency" : 31
		},
		{
			"remarks" : "中国 - 香港专线 VIP2节点2 - Aliyun - 31435 单端口",
			"id" : "760B13F9164547F6AF0A74140A412422",
			"server" : "cn-hk.zycsj.cc",
			"server_port" : 31435,
			"server_udp_port" : 0,
			"password" : "LSpUpx0cbV",
			"method" : "aes-128-ctr",
			"protocol" : "auth_aes128_md5",
			"protocolparam" : "3311:chenhongrui2003",
			"obfs" : "http_simple",
			"obfsparam" : "d750c3311.microsoft.com",
			"remarks_base64" : "5Lit5Zu9IC0g6aaZ5riv5LiT57q_IFZJUDLoioLngrkyIC0gQWxpeXVuIC0gMzE0MzUg5Y2V56uv5Y-j",
			"group" : "GS云服务 - 单端口",
			"enable" : true,
			"udp_over_tcp" : false,
			"latency" : -2
		},
		{
			"remarks" : "中国 VIP节点1 - 66Cloud - 31435 单端口",
			"id" : "05B41317B7674331AFB00C651F2BEAD6",
			"server" : "cn-1.zycsj.cc",
			"server_port" : 31435,
			"server_udp_port" : 0,
			"password" : "LSpUpx0cbV",
			"method" : "aes-128-ctr",
			"protocol" : "auth_aes128_md5",
			"protocolparam" : "3311:chenhongrui2003",
			"obfs" : "http_simple",
			"obfsparam" : "d750c3311.microsoft.com",
			"remarks_base64" : "5Lit5Zu9IFZJUOiKgueCuTEgLSA2NkNsb3VkIC0gMzE0MzUg5Y2V56uv5Y-j",
			"group" : "GS云服务 - 单端口",
			"enable" : true,
			"udp_over_tcp" : false,
			"latency" : 7
		}
	],
	"index" : 20,
	"random" : false,
	"sysProxyMode" : 3,
	"shareOverLan" : false,
	"localPort" : 1080,
	"localAuthPassword" : "u-1L_sB8tBoRthy6IkWK",
	"localDnsServer" : "",
	"dnsServer" : "",
	"reconnectTimes" : 2,
	"balanceAlgorithm" : "LowException",
	"randomInGroup" : false,
	"TTL" : 0,
	"connectTimeout" : 5,
	"proxyRuleMode" : 2,
	"proxyEnable" : false,
	"pacDirectGoProxy" : false,
	"proxyType" : 0,
	"proxyHost" : null,
	"proxyPort" : 0,
	"proxyAuthUser" : null,
	"proxyAuthPass" : null,
	"proxyUserAgent" : null,
	"authUser" : null,
	"authPass" : null,
	"autoBan" : false,
	"sameHostForSameTarget" : false,
	"keepVisitTime" : 180,
	"isHideTips" : false,
	"nodeFeedAutoUpdate" : true,
	"serverSubscribes" : [

	],
	"token" : {

	},
	"portMap" : {

	}
}